{
  "collateralPercentage": 150,
  "costModels": {
    "PlutusV1": [
      197209,
      0,
      1,
      1,
      396231,
      621,
      0,
      1,
      150000,
      1000,
      0,
      1,
      150000,
      32,
      2477736,
      29175,
      4,
      29773,
      100,
      29773,
      100,
      29773,
      100,
      29773,
      100,
      29773,
      100,
      29773,
      100,
      100,
      100,
      29773,
      100,
      150000,
      32,
      150000,
      32,
      150000,
      32,
      150000,
      1000,
      0,
      1,
      150000,
      32,
      150000,
      1000,
      0,
      8,
      148000,
      425507,
      118,
      0,
      1,
      1,
      150000,
      1000,
      0,
      8,
      150000,
      112536,
      247,
      1,
      150000,
      10000,
      1,
      136542,
      1326,
      1,
      1000,
      150000,
      1000,
      1,
      150000,
      32,
      150000,
      32,
      150000,
      32,
      1,
      1,
      150000,
      1,
      150000,
      4,
      103599,
      248,
      1,
      103599,
      248,
      1,
      145276,
      1366,
      1,
      179690,
      497,
      1,
      150000,
      32,
      150000,
      32,
      150000,
      32,
      150000,
      32,
      150000,
      32,
      150000,
      32,
      148000,
      425507,
      118,
      0,
      1,
      1,
      61516,
      11218,
      0,
      1,
      150000,
      32,
      148000,
      425507,
      118,
      0,
      1,
      1,
      148000,
      425507,
      118,
      0,
      1,
      1,
      2477736,
      29175,
      4,
      0,
      82363,
      4,
      150000,
      5000,
      0,
      1,
      150000,
      32,
      197209,
      0,
      1,
      1,
      150000,
      32,
      150000,
      32,
      150000,
      32,
      150000,
      32,
      150000,
      32,
      150000,
      32,
      150000,
      32,
      3345831,
      1,
      1
    ],
    "PlutusV2": [
      205665,
      812,
      1,
      1,
      1000,
      571,
      0,
      1,
      1000,
      24177,
      4,
      1,
      1000,
      32,
      117366,
      10475,
      4,
      23000,
      100,
      23000,
      100,
      23000,
      100,
      23000,
      100,
      23000,
      100,
      23000,
      100,
      100,
      100,
      23000,
      100,
      19537,
      32,
      175354,
      32,
      46417,
      4,
      221973,
      511,
      0,
      1,
      89141,
      32,
      497525,
      14068,
      4,
      2,
      196500,
      453240,
      220,
      0,
      1,
      1,
      1000,
      28662,
      4,
      2,
      245000,
      216773,
      62,
      1,
      1060367,
      12586,
      1,
      208512,
      421,
      1,
      187000,
      1000,
      52998,
      1,
      80436,
      32,
      43249,
      32,
      1000,
      32,
      80556,
      1,
      57667,
      4,
      1000,
      10,
      197145,
      156,
      1,
      197145,
      156,
      1,
      204924,
      473,
      1,
      208896,
      511,
      1,
      52467,
      32,
      64832,
      32,
      65493,
      32,
      22558,
      32,
      16563,
      32,
      76511,
      32,
      196500,
      453240,
      220,
      0,
      1,
      1,
      69522,
      11687,
      0,
      1,
      60091,
      32,
      196500,
      453240,
      220,
      0,
      1,
      1,
      196500,
      453240,
      220,
      0,
      1,
      1,
      1159724,
      392670,
      0,
      2,
      806990,
      30482,
      4,
      1927926,
      82523,
      4,
      265318,
      0,
      4,
      0,
      85931,
      32,
      205665,
      812,
      1,
      1,
      41182,
      32,
      212342,
      32,
      31220,
      32,
      32696,
      32,
      43357,
      32,
      32247,
      32,
      38314,
      32,
      35892428,
      10,
      9462713,
      1021,
      10,
      38887044,
      32947,
      10
    ]
  },
  "executionPrices": {
    "prMem": 5.77,
    "prSteps": 0.00721
  },
  "lovelacePerUTxOWord": 34482,
  "maxBlockExUnits": {
    "exUnitsMem": 80000000,
    "exUnitsSteps": 40000000000
  },
  "maxCollateralInputs": 3,
  "maxTxExUnits": {
    "exUnitsMem": 16000000,
    "exUnitsSteps": 10000000000
  },
  "maxValueSize": 5000
}
